시도,시군구코드,시군구명,위도,경도,축척,행정구역최소X좌표,행정구역최소Y좌표,행정구역최대X좌표,행정구역최대Y좌표,매핑코드,상태,자치구구분,지진해일발생분류,지진구역
11,110,종로구,37.59433378,126.97765571,25000,126.94933907,37.56587807,127.02335194,37.63226756,11110,Y,Y,,1
11,140,중구,37.56007568,126.99586492,25000,126.9614682,37.54379369,127.02675706,37.57192714,11140,Y,Y,,1
11,170,용산구,37.53245831,126.98015539,25000,126.94355564,37.51202417,127.02090914,37.55536619,11170,Y,Y,,1
11,200,성동구,37.55126915,127.04124615,25000,127.00832138,37.52908432,127.07368215,37.57300471,11200,Y,Y,,1
11,215,광진구,37.54654772,127.08660732,25000,127.05655075,37.52355909,127.11388068,37.57354357,11215,Y,Y,,1
11,230,동대문구,37.58191876,127.05518844,25000,127.0231438,37.56002955,127.07862813,37.60689946,11230,Y,Y,,1
11,260,중랑구,37.59797735,127.09298455,25000,127.06940249,37.56954308,127.11835749,37.62081714,11260,Y,Y,,1
11,290,성북구,37.60583438,127.01801344,25000,126.97505785,37.57747674,127.07172771,37.63654677,11290,Y,Y,,1
11,305,강북구,37.64350525,127.01107336,25000,126.9794304,37.60912169,127.04996888,37.68520835,11305,Y,Y,,1
11,320,도봉구,37.66914758,127.03236744,25000,127.00794531,37.63126195,127.05587455,37.7013645,11320,Y,Y,,1
11,350,노원구,37.65207171,127.07524951,25000,127.04146352,37.61410286,127.11236644,37.69636689,11350,Y,Y,,1
11,380,은평구,37.6198502,126.92882423,25000,126.88222528,37.57589986,126.97217721,37.65896966,11380,Y,Y,,1
11,410,서대문구,37.57746314,126.93899454,25000,126.90159237,37.55508471,126.96957684,37.60830216,11410,Y,Y,,1
11,440,마포구,37.55823005,126.90986351,25000,126.8573994,37.52940106,126.96392952,37.59091812,11440,Y,Y,,1
11,470,양천구,37.52479222,126.85628238,25000,126.82152247,37.49994307,126.89161954,37.55137066,11470,Y,Y,,1
11,500,강서구,37.56108124,126.82450852,25000,126.76426411,37.52651795,126.88973968,37.6046408,11500,Y,Y,,1
11,530,구로구,37.49455096,126.85681106,25000,126.81265534,37.47378476,126.90321337,37.51675328,11530,Y,Y,,1
11,545,금천구,37.46046195,126.9012674,25000,126.8734338,37.43357364,126.92880827,37.48656976,11545,Y,Y,,1
11,560,영등포구,37.52014505,126.9099818,25000,126.87945858,37.48496837,126.95038773,37.55015323,11560,Y,Y,,1
11,590,동작구,37.4996326,126.95221877,25000,126.90321337,37.47535165,126.98782033,37.52000927,11590,Y,Y,,1
11,620,관악구,37.46719421,126.94599752,25000,126.89945525,37.43594012,126.98860682,37.49497088,11620,Y,Y,,1
11,650,서초구,37.47373928,127.03115411,25000,126.98012305,37.42847786,127.09630338,37.52782437,11650,Y,Y,,1
11,680,강남구,37.49723543,127.06265862,25000,127.01185264,37.45857866,127.12240915,37.53884722,11680,Y,Y,,1
11,710,송파구,37.50505761,127.11529174,25000,127.06648119,37.4651986,127.16136254,37.54345394,11710,Y,Y,,1
11,740,강동구,37.55116122,127.14688246,25000,127.10954794,37.51689394,127.18353543,37.58081964,11740,Y,Y,,1
26,110,중구,35.10550242,129.03189246,5000,129.02121956,35.09562871,129.04446379,35.11741293,26110,Y,Y,Y,1
26,140,서구,35.10257488,129.01485301,25000,128.99798359,35.04703434,129.03131926,35.13953582,26140,Y,Y,,1
26,170,동구,35.12927106,129.04472191,10000,129.02413497,35.1107693,129.06627146,35.14621552,26170,Y,Y,Y,1
26,200,영도구,35.07874488,129.06485454,25000,129.03102727,35.03666456,129.09681417,35.10441507,26200,Y,Y,Y,1
26,230,부산진구,35.16502674,129.04308109,25000,129.00974103,35.13404561,129.08294458,35.19952267,26230,Y,Y,,1
26,260,동래구,35.20632566,129.07899862,25000,129.04348431,35.18320701,129.11639101,35.22696135,26260,Y,Y,,1
26,290,남구,35.12533726,129.09430458,25000,129.06313904,35.09093326,129.12895012,35.16176405,26290,Y,Y,Y,1
26,320,북구,35.23038838,129.02419015,25000,128.98795986,35.18761068,129.06058539,35.28041107,26320,Y,Y,,1
26,350,해운대구,35.19380523,129.15382006,25000,129.1098873,35.15155266,129.20800567,35.25075065,26350,Y,Y,Y,1
26,380,사하구,35.08719415,128.97500281,25000,128.93249425,34.93226265,129.0144364,35.12732813,26380,Y,Y,Y,1
26,410,금정구,35.25898674,129.09173126,25000,129.03610931,35.20961259,129.14429886,35.30622315,26410,Y,Y,,1
26,440,강서구,35.13680587,128.89201243,50000,128.76140716,34.98862213,128.99761971,35.2344091,26440,Y,Y,Y,1
26,470,연제구,35.18236747,129.08304503,25000,129.04694605,35.15826174,129.11516934,35.19942684,26470,Y,Y,,1
26,500,수영구,35.16131579,129.11157383,25000,129.09233326,35.13536994,129.13534375,35.187854,26500,Y,Y,Y,1
26,530,사상구,35.15800784,128.98681363,25000,128.95689423,35.11677646,129.02381823,35.19726046,26530,Y,Y,,1
26,710,기장군,35.29761342,129.20124398,50000,129.10892951,35.1810583,129.30406999,35.38868914,26710,Y,Y,Y,1
27,110,중구,35.86657153,128.59352037,10000,128.5738077,35.85496121,128.61483424,35.87950826,27110,Y,Y,,1
27,140,동구,35.93458626,128.68579916,50000,128.60294283,35.85073437,128.76337506,36.01645924,27140,Y,Y,,1
27,170,서구,35.87517682,128.5496031,25000,128.51719527,35.85448157,128.58208147,35.89551371,27170,Y,Y,,1
27,200,남구,35.83535558,128.58541256,25000,128.55542955,35.80763665,128.60856036,35.8600706,27200,Y,Y,,1
27,230,북구,35.92872221,128.57743511,50000,128.50415087,35.87384402,128.63288135,35.98853991,27230,Y,Y,,1
27,260,수성구,35.83420809,128.66144518,50000,128.5907175,35.78991498,128.72632635,35.87850734,27260,Y,Y,,1
27,290,달서구,35.82754082,128.52855019,25000,128.47064313,35.77294102,128.58675516,35.86959667,27290,Y,Y,,1
27,710,달성군,35.75938442,128.49864885,100000,128.350382,35.60677781,128.69629961,35.94314264,27710,Y,Y,,1
28,110,중구,37.46838936,126.48204889,100000,126.35509363,37.36008488,126.64389119,37.54360436,28110,Y,Y,,1
28,140,동구,37.48346113,126.63893903,25000,126.6098342,37.46839873,126.6709888,37.49589611,28140,Y,Y,,1
28,170,남구,37.45293912,126.66485027,25000,126.62890181,37.4301695,126.70292385,37.48405648,28170,N,N,,1
28,177,미추홀구,37.45293912,126.66485027,25000,126.62890181,37.4301695,126.70292385,37.48405648,28177,Y,Y,,1
28,185,연수구,37.40143644,126.64561794,25000,126.582901,37.34249368,126.70626213,37.43887484,28185,Y,Y,,1
28,200,남동구,37.42504071,126.71979065,25000,126.63790719,37.3431766,126.77982944,37.47960436,28200,Y,Y,,1
28,237,부평구,37.49667482,126.72119014,25000,126.68319605,37.46446946,126.76772917,37.5240771,28237,Y,Y,,1
28,245,계양구,37.55723507,126.73493224,25000,126.68177519,37.52354474,126.79368077,37.59367175,28245,Y,Y,,1
28,260,서구,37.56060372,126.65036324,50000,126.54736687,37.47332754,126.72522074,37.63968349,28260,Y,Y,,1
28,710,강화군,37.71224344,126.39951924,100000,126.12138498,37.57987139,126.54395852,37.83334288,28710,Y,Y,,1
28,720,옹진군,37.52118197,125.66217084,200000,124.59283719,36.92685009,126.54133441,37.98380157,28720,Y,Y,,1
29,110,동구,35.11701784,126.9495625,25000,126.907299,35.07246262,126.99791368,35.16454859,29110,Y,Y,,1
29,140,서구,35.13571331,126.85060239,25000,126.80038942,35.09046584,126.91000023,35.178637,29140,Y,Y,,1
29,155,남구,35.09409481,126.85697305,50000,126.75284565,35.05209243,126.93004459,35.15246588,29155,Y,Y,,1
29,170,북구,35.19274484,126.92610424,50000,126.83637102,35.11456998,127.02219846,35.25930296,29170,Y,Y,,1
29,200,광산구,35.16504344,126.75290156,50000,126.64641628,35.06996451,126.85973727,35.25860603,29200,Y,Y,,1
30,110,동구,36.32383899,127.47507716,50000,127.41277443,36.19405659,127.55725305,36.43348352,30110,Y,Y,,1
30,140,중구,36.28082794,127.41131326,50000,127.36924374,36.20717063,127.45783295,36.35008189,30140,Y,Y,,1
30,170,서구,36.28054879,127.34515173,50000,127.2780844,36.18326642,127.40327952,36.37353435,30170,Y,Y,,1
30,200,유성구,36.37681605,127.33305442,50000,127.24683214,36.26396292,127.41863641,36.50020298,30200,Y,Y,,1
30,230,대덕구,36.41226391,127.44051907,50000,127.39071399,36.34369063,127.50315945,36.47790298,30230,Y,Y,,1
31,110,중구,35.57097093,129.30956524,25000,129.25691403,35.54471558,129.35405175,35.59921955,31110,Y,Y,,1
31,140,남구,35.51496546,129.33107384,50000,129.23667905,35.45060757,129.39125272,35.55730241,31140,Y,Y,Y,1
31,170,동구,35.52496672,129.42535494,25000,129.38881698,35.46646126,129.45947043,35.57269354,31170,Y,Y,Y,1
31,200,북구,35.60985576,129.37987067,50000,129.28947777,35.51600688,129.4648375,35.6798257,31200,Y,Y,Y,2
31,710,울주군,35.54611282,129.18683261,100000,128.97091058,35.32204983,129.38118708,35.7247178,31710,Y,Y,Y,1
36,110,세종특별자치시,36.56081662,127.25875453,100000,127.12765776,36.4067297,127.41080633,36.73375217,36110,Y,N,,1
41,110,수원시,37.26,127.02,25000,126.927245,37.224218,127.089298,37.321317,41110,N,Y,,1
41,111,수원시장안구,37.31393998,127.0035969,25000,126.96365668,37.28524633,127.03990626,37.35154764,41111,Y,N,,1
41,113,수원시권선구,37.26053476,126.97957451,25000,126.92725471,37.22422106,127.04254287,37.30316741,41113,Y,N,,1
41,115,수원시팔달구,37.2776204,127.0166782,25000,126.97758319,37.25650648,127.04535054,37.29397014,41115,Y,N,,2
41,117,수원시영통구,37.27494296,127.05706742,25000,127.03229627,37.23104627,127.09153029,37.3213213,41117,Y,N,,1
41,130,성남시,37.42,127.1267,100000,127.12184,37.41641,127.13171,37.42364,41130,N,Y,,1
41,131,성남시수정구,37.43504261,127.10432384,50000,127.04161468,37.3969543,127.17691505,37.47573229,41131,Y,N,,2
41,133,성남시중원구,37.43329502,127.1638462,25000,127.11757591,37.40541298,127.19594631,37.47374667,41133,Y,N,,2
41,135,성남시분당구,37.37915162,127.10588323,50000,127.02707168,37.33338701,127.1771757,37.41725172,41135,Y,N,,1
41,150,의정부시,37.7362478,127.06806854,50000,127.00126023,37.68700431,127.14668598,37.77983855,41150,Y,Y,,2
41,170,안양시,37.3942,126.9567,100000,126.95183,37.39067,126.96168,37.39791,41170,N,Y,,1
41,171,안양시만안구,37.40387674,126.9112878,25000,126.8702878,37.35681101,126.94848857,37.45018547,41171,Y,N,,1
41,173,안양시동안구,37.40055293,126.95526021,25000,126.92568443,37.36153893,126.98266764,37.44104408,41173,Y,N,,2
41,190,부천시,37.49975475,126.77886108,25000,126.74162122,37.45831434,126.83349691,37.55416857,41190,Y,Y,,2
41,195,부천시원미구,37.497,126.781,25000,126.741602,37.482352,126.822937,37.522439,41195,N,N,,1
41,197,부천시소사구,37.4722,126.7993,25000,126.742354,37.458311,126.833484,37.490635,41197,N,N,,1
41,199,부천시오정구,37.5248,126.7956,25000,126.760254,37.505727,126.828793,37.554169,41199,N,N,,1
41,210,광명시,37.44537048,126.86485426,25000,126.82596029,37.40138188,126.90059332,37.49520891,41210,Y,Y,,2
41,220,평택시,37.01184983,126.98860253,100000,126.77821116,36.90445033,127.15442089,37.14472155,41220,Y,Y,,2
41,250,동두천시,37.91653719,127.07799188,50000,127.00778226,37.85983416,127.15562905,37.98131958,41250,Y,Y,,2
41,270,안산시,37.3219,126.8308,100000,126.82589,37.31829,126.83573,37.32554,41270,N,Y,,1
41,271,안산시상록구,37.3116425,126.86535502,25000,126.804412,37.26567852,126.93953573,37.36504619,41271,Y,N,,2
41,273,안산시단원구,37.281323,126.69031389,100000,126.37866788,37.08026681,126.89722667,37.37679357,41273,Y,N,,1
41,280,고양시,37.6583,126.8319,100000,126.82704,37.65478,126.83692,37.66203,41280,N,Y,,1
41,281,고양시덕양구,37.65605407,126.8787341,50000,126.77267628,37.57460272,126.99423797,37.74927469,41281,Y,N,,1
41,285,고양시일산동구,37.67937864,126.79741848,25000,126.74084856,37.6221714,126.85495227,37.73714217,41285,Y,N,,1
41,287,고양시일산서구,37.67912459,126.72725936,25000,126.66631111,37.63890464,126.78125016,37.70639489,41287,Y,N,,1
41,290,과천시,37.43364633,127.00311743,25000,126.96131308,37.40065902,127.04745344,37.46734941,41290,Y,Y,,1
41,310,구리시,37.60046011,127.13072956,25000,127.0972528,37.55980604,127.16918061,37.64628432,41310,Y,Y,,1
41,360,남양주시,37.66316282,127.24318296,100000,127.08121175,37.5069076,127.37917725,37.78043474,41360,Y,Y,,1
41,370,오산시,37.16339253,127.05116461,10000,126.99514403,37.1253566,127.10363819,37.2006995,41370,Y,Y,,1
41,390,시흥시,37.38910045,126.78774915,25000,126.68203745,37.31338997,126.88190034,37.47255071,41390,Y,Y,,1
41,410,군포시,37.34319869,126.92128828,25000,126.87273484,37.30512868,126.96243977,37.37911058,41410,Y,Y,,1
41,430,의왕시,37.36234467,126.98962018,25000,126.92944392,37.3003145,127.04703884,37.41564421,41430,Y,Y,,1
41,450,하남시,37.52290767,127.20620081,50000,127.13968677,37.46887,127.2875661,37.59199153,41450,Y,Y,,1
41,460,용인시,37.2412,127.1774,100000,127.17255,37.23765,127.18241,37.24487,41460,N,Y,,1
41,461,용인시처인구,37.20344004,127.25301942,100000,127.10866117,37.084464,127.42981179,37.36041676,41461,Y,N,,1
41,463,용인시기흥구,37.26743739,127.12154729,25000,127.06507204,37.21634287,127.17709881,37.3246847,41463,Y,N,,1
41,465,용인시수지구,37.33346027,127.07151579,50000,127.01607977,37.29463682,127.14245229,37.37240374,41465,Y,N,,1
41,480,파주시,37.85899796,126.80566424,100000,126.6618347,37.68927771,127.01702066,38.0046667,41480,Y,Y,,1
41,500,이천시,37.2100404,127.48111875,100000,127.32971316,37.04262858,127.63782183,37.36150561,41500,Y,Y,,1
41,550,안성시,37.03494431,127.30305546,100000,127.10230271,36.89352411,127.51859309,37.15587916,41550,Y,Y,,1
41,570,김포시,37.67984843,126.62602673,100000,126.51454789,37.57955153,126.80492056,37.79266134,41570,Y,Y,,1
41,590,화성시,37.16880564,126.85452253,100000,126.61179456,37.00915457,127.16131351,37.29398144,41590,Y,Y,,1
41,610,광주시,37.40298451,127.30115696,100000,127.13172368,37.26566442,127.44640137,37.53573296,41610,Y,Y,,1
41,630,양주시,37.80870632,127.0012413,100000,126.90228769,37.66868452,127.12206638,37.94201467,41630,Y,Y,,1
41,650,포천시,37.97005404,127.25043085,100000,127.09027972,37.75290656,127.44695493,38.18883595,41650,Y,Y,,1
41,670,여주시,37.30253879,127.61578049,25000,127.39819778,37.13501648,127.76855382,37.43979912,44270,Y,Y,,1
41,730,여주시,37.2997,127.618,100000,127.398181,37.135017,127.76854,37.439799,41730,N,N,,1
41,800,연천군,38.11189986,126.99441473,100000,126.74789072,37.92732606,127.19222763,38.29201706,41800,Y,Y,,1
41,820,가평군,37.8186779,127.45026946,100000,127.26650225,37.57182409,127.61770455,38.05096677,41820,Y,Y,,1
41,830,양평군,37.5182226,127.57865983,100000,127.30475287,37.36703692,127.84944756,37.6715318,41830,Y,Y,,1
42,110,춘천시,37.89012749,127.74006999,100000,127.50681695,37.67561929,128.02934116,38.0851815,42110,Y,Y,,1
42,130,원주시,37.3083862,127.93108455,100000,127.7438384,37.14429042,128.21752823,37.5068171,42130,Y,Y,,1
42,150,강릉시,37.70945856,128.83190567,100000,128.5801967,37.50314733,129.07300348,37.91801687,42150,Y,Y,Y,1
42,170,동해시,37.50713064,129.05595019,50000,128.95759333,37.42657905,129.16060294,37.60606759,42170,Y,Y,Y,1
42,190,태백시,37.17283678,128.98012475,100000,128.86715115,37.06230104,129.09577437,37.34586404,42190,Y,Y,,1
42,210,속초시,38.17639789,128.52016996,50000,128.41978423,38.11928097,128.61484154,38.23099124,42210,Y,Y,Y,1
42,230,삼척시,37.27753545,129.1217963,100000,128.84578938,37.03882853,129.3640088,37.47674074,42230,Y,Y,Y,1
42,720,홍천군,37.74488089,128.07416694,200000,127.53520795,37.55316994,128.58840774,37.94531401,42720,Y,Y,,1
42,730,횡성군,37.50977039,128.07732963,100000,127.75920792,37.30202663,128.30237439,37.6811067,42730,Y,Y,,1
42,750,영월군,37.20363931,128.5013549,200000,128.11297536,37.0283295,128.90970996,37.40820919,42750,Y,Y,,1
42,760,평창군,37.55658147,128.48259247,100000,128.2434861,37.26673857,128.76529568,37.82097797,42760,Y,Y,,1
42,770,정선군,37.37870859,128.73922958,100000,128.50605682,37.14794514,128.99055651,37.59270803,42770,Y,Y,,1
42,780,철원군,38.24785834,127.42154975,100000,127.10925307,38.08979897,127.8930717,38.35374802,42780,Y,Y,,1
42,790,화천군,38.13766079,127.68504966,100000,127.43053541,37.99231443,127.91449832,38.29108071,42790,Y,Y,,1
42,800,양구군,38.18795133,127.99658516,100000,127.84047908,38.00125461,128.1652951,38.34358882,42800,Y,Y,,1
42,810,인제군,38.06807808,128.2626978,200000,127.97719954,37.81169551,128.51307157,38.3777657,42810,Y,Y,,1
42,820,고성군,38.37845217,128.39714155,100000,128.20391242,38.18921825,128.5869525,38.61694393,42820,Y,Y,Y,1
42,830,양양군,38.00474272,128.59516382,100000,128.40410531,37.86188258,128.8093796,38.1616735,42830,Y,Y,Y,1
43,110,청주시,36.6498,127.5077,50000,127.446,36.585,127.558,36.72,43110,N,Y,,1
43,111,청주시상당구,36.59229021,127.58501224,50000,127.44595715,36.4031103,127.76995775,36.72977557,43111,Y,N,,1
43,112,청주시서원구,36.5473885,127.43863019,25000,127.37204361,36.44962297,127.50019474,36.64657183,43110,Y,N,,1
43,113,청주시흥덕구,36.64680033,127.36922167,50000,127.27670577,36.56153442,127.48144927,36.72480782,43113,Y,N,,1
43,114,청주시청원구,36.72047752,127.490942,25000,127.31696991,36.64465056,127.61875796,36.77970214,43110,Y,N,,1
43,130,충주시,37.01525648,127.89569274,100000,127.6508725,36.79645649,128.13397806,37.21691304,43130,Y,Y,,1
43,150,제천시,37.06008939,128.14099779,100000,127.9212746,36.81267879,128.33341098,37.25850691,43150,Y,Y,,1
43,710,청원군,36.5569,127.4891,100000,127.276689,36.403108,127.76994,36.779703,43710,N,N,,1
43,720,보은군,36.49002168,127.72945478,100000,127.51564787,36.36881691,127.90677993,36.61374042,43720,Y,Y,,1
43,730,옥천군,36.3205702,127.65671215,100000,127.4861538,36.17069205,127.89134627,36.44521238,43730,Y,Y,,1
43,740,영동군,36.15954642,127.8143604,100000,127.59020018,36.01196058,128.06311738,36.31653552,43740,Y,Y,,1
43,745,증평군,36.78653542,127.60457033,50000,127.53696052,36.70123115,127.66491949,36.85877304,43745,Y,Y,,1
43,750,진천군,36.87082212,127.44047949,100000,127.28975012,36.74823449,127.5851289,37.0119064,43750,Y,Y,,1
43,760,괴산군,36.76950211,127.8296086,100000,127.62059725,36.60196761,128.07394822,36.94750575,43760,Y,Y,,1
43,770,음성군,36.97597869,127.61442337,100000,127.4452742,36.83424443,127.79839512,37.15402807,43770,Y,Y,,1
43,800,단양군,36.99438193,128.38789702,100000,128.2172552,36.80046107,128.65221009,37.16070055,43800,Y,Y,,1
44,130,천안시,36.8012,127.2047,100000,127.00935,36.620421,127.420781,36.972811,44130,N,Y,,1
44,131,천안시동남구,36.76412728,127.22087714,25000,127.00936835,36.62041955,127.42079974,36.89226028,44131,Y,N,,1
44,133,천안시서북구,36.89257889,127.16214855,25000,127.07392992,36.78468958,127.29060683,36.97281431,44133,Y,N,,1
44,150,공주시,36.47979231,127.07533779,100000,126.88391862,36.2770019,127.28229419,36.67941745,44150,Y,Y,,1
44,180,보령시,36.34211209,126.59008823,100000,125.95533762,36.1717652,126.73799676,36.52981461,44180,Y,Y,,1
44,200,아산시,36.8069541,126.98061941,100000,126.83017268,36.64863662,127.11940941,36.94002744,44200,Y,Y,,1
44,210,서산시,36.7860277,126.46301736,100000,126.3142713,36.599974,126.65363977,37.02684752,44210,Y,Y,,1
44,230,논산시,36.19089202,127.15796494,100000,126.98358103,36.06318624,127.33356206,36.34003006,44230,Y,Y,,1
44,250,계룡시,36.29132759,127.23428808,25000,127.19575175,36.23185401,127.29177963,36.34916547,44250,Y,Y,,1
44,270,당진시,36.90396063,126.65343443,25000,126.41016812,36.74812622,126.85916779,37.08002042,44270,Y,Y,,1
44,710,금산군,36.11926832,127.47830443,100000,127.31796839,35.97801432,127.63806581,36.27227593,44710,Y,Y,,1
44,730,연기군,36.5766,127.26,100000,127.127639,36.418588,127.367941,36.733755,44730,N,N,,1
44,760,부여군,36.24638563,126.8570141,100000,126.68035872,36.06924529,127.06976551,36.38675194,44760,Y,Y,,2
44,770,서천군,36.10745008,126.70225023,100000,126.48368541,35.99972737,126.87013171,36.19468931,44770,Y,Y,,2
44,790,청양군,36.43061568,126.8532163,100000,126.6731241,36.31511807,127.02805865,36.57215438,44790,Y,Y,,1
44,800,홍성군,36.57037713,126.62406419,100000,126.44178623,36.46027104,126.77313845,36.67283784,44800,Y,Y,,1
44,810,예산군,36.67046159,126.7841895,100000,126.58541169,36.52664528,126.96960849,36.80391511,44810,Y,Y,,1
44,825,태안군,36.70746402,126.27933469,200000,125.54091412,36.39478967,126.4491414,36.97934456,44825,Y,Y,,1
44,830,당진시,36.9014,126.6532,100000,126.41444,36.748128,126.859148,37.065256,44830,N,N,,1
45,110,전주시,35.8241,127.148,50000,126.997492,35.728428,127.2357,35.901494,45110,N,Y,,1
45,111,전주시완산구,35.79257655,127.11966154,50000,127.05093624,35.72842862,127.21742666,35.84614201,45111,Y,N,,1
45,113,전주시덕진구,35.85848759,127.11284048,50000,126.99751027,35.80163416,127.23571739,35.90149673,45113,Y,N,,1
45,130,군산시,35.95324426,126.71985082,200000,125.96659987,35.726062,126.91551851,36.12739718,45130,Y,Y,,1
45,140,익산시,36.02324304,126.98938823,100000,126.85361987,35.88313924,127.1401114,36.15641112,45140,Y,Y,,1
45,180,정읍시,35.60298294,126.90500797,100000,126.71848892,35.46137773,127.11728548,35.75830089,45180,Y,Y,,1
45,190,남원시,35.42240204,127.44143537,100000,127.18315727,35.3030569,127.67287426,35.56070963,45190,Y,Y,,1
45,210,김제시,35.80370367,126.90720381,100000,126.68550254,35.66597787,127.08663289,35.9203139,45210,Y,Y,,1
45,710,완주군,35.9188166,127.21525334,100000,126.99466574,35.61873698,127.37935662,36.13073493,45710,Y,Y,,1
45,720,진안군,35.82880248,127.43013494,100000,127.26514751,35.61882256,127.62842673,36.02961548,45720,Y,Y,,1
45,730,무주군,35.93928769,127.7129812,100000,127.52474108,35.78822104,127.91147399,36.06835958,45730,Y,Y,,1
45,740,장수군,35.65713432,127.5441512,100000,127.36147498,35.46790728,127.69966603,35.83969805,45740,Y,Y,,1
45,750,임실군,35.59774687,127.23613116,100000,127.08273023,35.45888308,127.43600728,35.77803607,45750,Y,Y,,1
45,770,순창군,35.43362591,127.089836,100000,126.86008367,35.29919615,127.31449221,35.55592793,45770,Y,Y,,1
45,790,고창군,35.44885989,126.61577504,100000,126.42499998,35.29962118,126.77425196,35.57915017,45790,Y,Y,,1
45,800,부안군,35.67619319,126.63907479,100000,126.10022388,35.55838715,126.83953623,35.81604031,45800,Y,Y,,1
46,110,목포시,34.80313357,126.39069722,50000,126.2883488,34.74473905,126.46203851,34.84440273,46110,Y,Y,,1
46,130,여수시,34.69642897,127.65130591,100000,127.19299132,34.00494664,127.90586942,34.90272045,46130,Y,Y,,1
46,150,순천시,34.99455511,127.3898354,100000,127.17496248,34.82511996,127.60533525,35.18909047,46150,Y,Y,,1
46,170,나주시,34.98821221,126.71971813,100000,126.51350131,34.86323728,126.8998116,35.11502656,46170,Y,Y,,1
46,230,광양시,35.0201959,127.65627711,100000,127.52555467,34.88378493,127.78731117,35.18449584,46230,Y,Y,,1
46,710,담양군,35.29152717,126.99538679,100000,126.85469696,35.11582165,127.11745698,35.46579885,46710,Y,Y,,1
46,720,곡성군,35.21667727,127.26369152,100000,127.08095082,35.06939247,127.41273559,35.33801756,46720,Y,Y,,1
46,730,구례군,35.23696577,127.50323105,100000,127.36680938,35.0946228,127.624764,35.36665987,46730,Y,Y,,1
46,770,고흥군,34.59828504,127.31590559,100000,127.08068254,34.36458758,127.58324309,34.82788467,46770,Y,Y,,1
46,780,보성군,34.81460965,127.16249931,100000,126.97210302,34.63496137,127.4800443,34.98900479,46780,Y,Y,,1
46,790,화순군,35.00831148,127.03348473,100000,126.82392537,34.82430123,127.20170475,35.21421266,46790,Y,Y,,1
46,800,장흥군,34.67542537,126.92221135,100000,126.79325839,34.42201953,127.04643777,34.87721522,46800,Y,Y,,1
46,810,강진군,34.62019127,126.77223011,100000,126.65601013,34.44653472,126.88585053,34.78770758,46810,Y,Y,,1
46,820,해남군,34.55357765,126.51493637,100000,126.23907225,34.29226918,126.73468225,34.76242272,46820,Y,Y,,1
46,830,영암군,34.80222405,126.63245336,100000,126.36169795,34.6649547,126.85918819,34.94630616,46830,Y,Y,,1
46,840,무안군,34.95450361,126.42443021,100000,126.24111919,34.76935842,126.55330572,35.16731286,46840,Y,Y,,1
46,860,함평군,35.11263143,126.53551757,100000,126.36893811,34.97283685,126.67210167,35.23565636,46860,Y,Y,,1
46,870,영광군,35.2788075,126.45089403,200000,125.98500403,35.1652043,126.644767,35.43269765,46870,Y,Y,,1
46,880,장성군,35.32946307,126.76875661,100000,126.58333704,35.19077657,126.92640682,35.48629592,46880,Y,Y,,1
46,890,완도군,34.2981488,126.77637691,200000,126.32756564,34.09679752,127.17841256,34.46003698,46890,Y,Y,,1
46,900,진도군,34.43749837,126.21135502,100000,125.461483,34.14072486,126.38531764,34.59309708,46900,Y,Y,,1
46,910,신안군,34.81036109,126.04280178,200000,125.07652628,34.04697714,126.37891303,35.21318205,46910,Y,Y,,1
47,110,포항시,36.6498,127.5077,50000,127.446,36.585,127.558,36.72,47110,N,Y,Y,1
47,111,포항시남구,35.95854072,129.4379265,100000,129.27666881,35.83987792,129.58471354,36.08611219,47111,Y,N,,1
47,113,포항시북구,36.16534821,129.23434798,100000,128.98748825,36.01419243,129.43990118,36.33332781,47113,Y,N,,1
47,130,경주시,35.82666837,129.23571562,100000,128.96988214,35.64010515,129.5220534,36.07978434,47130,Y,Y,Y,1
47,150,김천시,36.06050061,128.07808306,100000,127.87538176,35.82886965,128.30084149,36.25856046,47150,Y,Y,,1
47,170,안동시,36.58028445,128.77998863,200000,128.42921304,36.29590545,129.00136586,36.82316546,47170,Y,Y,,1
47,190,구미시,36.2077183,128.3554885,100000,128.13276166,36.06070202,128.56431457,36.36243176,47190,Y,Y,,1
47,210,영주시,36.87047623,128.59780181,100000,128.42379186,36.69551892,128.74536372,37.06546239,47210,Y,Y,,1
47,230,영천시,36.0157365,128.94250712,100000,128.69524677,35.82988023,129.15156802,36.1854597,47230,Y,Y,,1
47,250,상주시,36.42951303,128.06688105,100000,127.79701512,36.23715098,128.33928145,36.65756206,47250,Y,Y,,1
47,280,문경시,36.69059557,128.14880314,100000,127.87695683,36.51348116,128.369719,36.87279681,47280,Y,Y,,1
47,290,경산시,35.83372484,128.80924323,100000,128.68127948,35.70020698,128.97090786,35.99378865,47290,Y,Y,,1
47,720,군위군,36.17021645,128.64850114,100000,128.41125204,36.00763544,128.90008254,36.32705457,47720,Y,Y,,1
47,730,의성군,36.36198116,128.61518523,200000,128.28404399,36.19341313,128.89658881,36.53165154,47730,Y,Y,,1
47,750,청송군,36.35721488,129.05737341,100000,128.84660308,36.16076088,129.25985176,36.59462868,47750,Y,Y,,1
47,760,영양군,36.69724091,129.14515514,100000,128.98355554,36.48637023,129.31348825,36.88143219,47760,Y,Y,,1
47,770,영덕군,36.48273065,129.31760292,100000,129.14791624,36.26665533,129.45329832,36.67372248,47770,Y,Y,Y,1
47,820,청도군,35.67258077,128.7856487,100000,128.52638679,35.56585613,129.04731696,35.84629384,47820,Y,Y,,1
47,830,고령군,35.7363119,128.30579939,100000,128.15773104,35.61055715,128.48104427,35.85152336,47830,Y,Y,,1
47,840,성주군,35.9070127,128.23420203,100000,128.04675651,35.77703516,128.40435168,36.05557843,47840,Y,Y,,1
47,850,칠곡군,36.01563387,128.46298582,100000,128.28479579,35.88304987,128.64061374,36.12564634,47850,Y,Y,,1
47,900,예천군,36.654224,128.42257799,100000,128.26025287,36.45536467,128.61051575,36.84891893,47900,Y,Y,,1
47,920,봉화군,36.9344856,128.91297485,100000,128.63730391,36.74571967,129.18541868,37.10047199,47920,Y,Y,,1
47,930,울진군,36.90412543,129.31276766,100000,129.0775711,36.64345901,129.47873125,37.14655839,47930,Y,Y,Y,1
47,940,울릉군,37.50188419,130.86427762,600000,130.79284883,37.23758508,131.87308281,37.54904718,47940,Y,Y,Y,1
48,110,창원시,35.2738,128.6577,50000,128.559112,35.148249,128.762186,35.394263,48110,N,N,,1
48,120,창원시,35.2018211,128.597069649383,50000,128.34762936,35.0516,128.84328936,35.39426394,48120,N,Y,,1
48,121,창원시의창구,35.30867008,128.64926182,50000,128.55912843,35.21461336,128.76219482,35.39426394,48121,Y,N,,1
48,123,창원시성산구,35.19539238,128.67164325,50000,128.58925424,35.14826977,128.7523629,35.24584093,48123,Y,N,,1
48,125,창원시마산합포구,35.1355122,128.48578223,50000,128.34762936,35.03999559,128.63998368,35.22255485,48125,Y,N,,1
48,127,창원시마산회원구,35.23248078,128.53664953,50000,128.473482,35.17706003,128.62566806,35.2773594,48127,Y,N,,1
48,129,창원시진해구,35.12947082,128.73691879,50000,128.6067647,35.05847225,128.84328936,35.1803535,48129,Y,N,,1
48,160,마산시,35.157,128.5039,100000,128.347619,35.05157,128.640208,35.277359,48160,N,N,,1
48,170,진주시,35.20513548,128.12981177,100000,127.88777604,35.05031188,128.36820319,35.35112095,48170,Y,Y,,1
48,190,진해시,35.1296,128.7359,100000,128.60653,35.059781,128.843271,35.180357,48190,N,N,,1
48,220,통영시,34.82572017,128.37409035,100000,128.12460074,34.49746433,128.59312942,34.97657976,48220,Y,Y,,1
48,240,사천시,35.04899904,128.03749848,100000,127.87944363,34.88601732,128.18457868,35.1588937,48240,Y,Y,,1
48,250,김해시,35.27197339,128.84541675,100000,128.69438533,35.15175549,129.01297833,35.39513097,48250,Y,Y,,1
48,270,밀양시,35.49811321,128.7893258,100000,128.57108179,35.34475846,129.02603391,35.64710733,48270,Y,Y,,2
48,310,거제시,34.87057319,128.6235488,100000,128.45536947,34.68102234,128.75481217,35.0613269,48310,Y,Y,,1
48,330,양산시,35.40135275,129.04127509,100000,128.87255097,35.27329971,129.22000347,35.52909978,48330,Y,Y,,1
48,720,의령군,35.39233236,128.27737151,100000,128.08035933,35.25346321,128.43653161,35.51896954,48720,Y,Y,,1
48,730,함안군,35.29115888,128.43124901,100000,128.27425748,35.16395794,128.59135224,35.39919422,48730,Y,Y,,1
48,740,창녕군,35.50841905,128.49284313,100000,128.34876098,35.37141085,128.65618721,35.68239292,48740,Y,Y,,1
48,820,고성군,35.01586319,128.29049989,100000,128.10089573,34.88043399,128.50157503,35.13226825,48820,Y,Y,,1
48,840,남해군,34.81820071,127.94150889,200000,127.80684588,34.67514524,128.08741064,34.94713875,48840,Y,Y,,1
48,850,하동군,35.13786027,127.77915967,100000,127.57608725,34.92216851,127.94242171,35.33233181,48850,Y,Y,,2
48,860,산청군,35.36854753,127.88439167,100000,127.68793685,35.21882377,128.11522999,35.57618283,48860,Y,Y,,1
48,870,함양군,35.55149807,127.72187394,100000,127.5854078,35.31588924,127.87774548,35.77168131,48870,Y,Y,,1
48,880,거창군,35.7324914,127.90419324,100000,127.67904567,35.51445612,128.09507765,35.91458306,48880,Y,Y,,1
48,890,합천군,35.57654693,128.14164836,100000,127.95313202,35.36808726,128.37336462,35.83258637,48890,Y,Y,,2
50,110,제주시,33.44307252,126.53040895,10000,126.1434555,33.27309298,126.97374814,34.01321654,49101,Y,N,,2
50,130,서귀포시,33.3245722,126.58151854,10000,126.16832111,33.11249985,126.94787293,33.48707975,49102,Y,N,,2
90,000,"제외(북한,일본)",,,,,,,,,N,N,,
